Temperature_C,Pressure_bar,Humidity_pct,FlowRate_m3h,HourOfDay,DayOfWeek,IndustrialDemand,GasLoad
26.0641468491381,0.975604222164464,67.3361063197577,266.425802403225,4,5,49.5231616953417,246.552316707056
27.3102486561226,1.16428782297921,46.3030719852244,250.240243054355,12,1,85.969363813731,289.156425751965
16.5530683035219,1.27649237514939,80.4420944026976,188.744712871887,15,1,85.7318382551751,292.584264294348
12.5451136752482,1.29028285026825,40.4383725690221,154.718036879141,0,5,96.7860832374854,281.982494616299
6.10279212277547,0.943174101207097,29.3432493409008,81.7806266480053,11,4,61.103671573264,238.375632377833
19.163686227421,0.971559691208905,67.08553600992,213.655185770975,21,4,61.981796885714,251.77487784798
24.3521698530618,1.19862057085281,34.1809486610349,265.991228015031,2,6,71.987199680334,253.525236187399
13.3690982120614,0.91978740901278,80.7960638740764,118.649608717246,10,6,88.9835282029433,259.710022074278
20.5358272961676,0.928513952785414,72.5810125329727,260.040984347347,15,4,32.1840317066241,256.956890718527
12.3699991579951,1.09565020782853,49.3565754995078,67.6888110673369,7,2,43.1089099131344,206.087333236128
13.9252452327364,1.23995752849585,20.0161745639592,144.698018765495,22,1,96.0516079546399,270.000281087164
24.5142227972559,1.2988165775512,30.4624612657392,117.042358457992,16,7,96.3545497130385,244.462382205739
31.7417991656278,0.90175704503287,39.1684011080988,88.2302946961869,4,7,61.7089073842203,177.808583675684
30.8331940012811,1.11704298562363,81.0697513274016,207.749894980652,13,7,86.758278581008,266.892329540251
11.2974523028685,1.24453927056663,62.0875800738268,129.093704059805,21,5,95.0215440497067,280.331109847611
16.9728173481282,1.26365560978802,42.4831916981885,289.777963132475,13,1,77.090209669197,306.827126942213
31.6364907021333,1.23814022491104,39.9005152119419,174.668497310503,18,1,56.0632595747878,215.115316774695
12.6958403571149,1.25154915385541,50.4721064048945,234.652129181355,21,2,58.3986983686944,274.696617747758
34.0040481310228,1.1984728950631,83.2631335827387,53.188917223068,20,1,60.717674525441,181.878116426054
23.5747205893799,0.946995752079563,84.7573951490907,201.338297129116,3,6,77.5054440492203,242.59248860103
9.96037299592832,1.1036089027346,55.3704716544082,194.112830364062,4,2,62.5549230120515,268.361801888818
29.7859708648016,0.967532705583754,63.9307266489021,251.844705225834,3,5,96.7284917688375,269.025585721939
24.6707930362584,1.23244460127832,70.3484748775687,213.742015379646,0,6,54.8288587495223,235.649525724195
21.3935775217619,1.2712043426955,21.6739016951759,269.557098783873,0,4,53.7314603295921,256.159483214443
12.539878502868,0.967793771537609,60.245275139783,275.59323136054,14,3,92.7102032702186,320.768852439795
6.20469153665731,1.25349492801808,23.2574124844827,88.0582141681445,14,6,68.1803980780917,248.596864935818
12.0012623772112,1.05514515785165,49.5771971787938,98.1450217016314,22,3,82.4498602132029,250.157966222357
15.8333880874956,1.05302778409024,52.7413982904395,247.74391216037,17,3,38.7414039396507,254.001111622847
24.003651050371,1.00858116958681,21.5839590729135,65.1762760559914,7,6,61.7264372685053,193.832111966394
34.582942886661,1.24715325713406,24.5551829725252,147.456798113364,11,4,35.2324606919036,195.755717544031
11.2146993843487,1.19660098288436,84.6769435007601,124.991463565359,6,2,76.4338429515337,271.118015849575
27.7125182466731,1.07914909205106,57.3900004760989,233.544976643979,17,6,79.2556149349647,257.222692456378
31.5898432889134,1.18385554313229,45.6757528298163,76.0523134393277,2,2,94.3265397815778,217.603038990336
19.1668957849087,1.27773251316081,45.4762325678521,248.143871888538,17,7,76.2050335880667,283.357562581939
9.76740578218174,0.969647149388654,30.5961566078516,245.682235687971,19,2,78.3073443497145,288.227175897576
29.3276235694612,0.99783851358573,30.4726019042866,183.099423304687,17,1,89.7606526868101,255.044435830894
19.2952325815084,1.15637164975811,44.5561464146001,113.338085455313,8,1,62.7531205879009,241.430086790386
8.48862596738553,1.22344500395962,43.5176266967993,67.7386462529135,14,6,62.0935077343499,230.314803552706
31.2716183835392,1.24134840258125,74.8819492388101,206.45083279276,11,6,86.4272931214419,262.962853335132
24.0555913838901,1.0592470587683,54.0717448138212,56.1703675322497,2,6,87.7337065361894,208.453328266379
7.91844047274892,0.946197523499084,52.5358609011636,65.5106231273822,19,6,43.3305272231528,199.469250746077
32.2531836871889,0.932112380709198,29.1876786117753,82.4029955695788,16,7,31.7971245822791,153.949324495661
6.05048064530895,1.04418704803182,82.0474029621807,162.653518071859,6,4,33.9770472346867,247.367458613616
6.19249082338395,1.23156221985608,67.2190197940137,218.083960980645,23,6,40.0054906205044,259.742066424936
34.6570367367879,0.985843882510657,78.4611746616125,264.027708369529,4,3,41.9993116288115,228.586011908954
25.5854479538101,1.21641612956267,65.9541554412802,174.611356063648,7,7,73.8091346931454,241.15555869914
16.300675782141,1.16187532567055,88.8741883547533,62.196126009032,9,1,32.0660645406733,196.319457056032
20.1297275839658,0.91045857922472,88.5852910323899,128.458089968198,5,7,63.0632585674148,221.035796280472
27.9048703786128,1.21431051435911,37.5107109518585,210.40779193013,4,4,77.4909939257059,253.663744946006
6.46624390338536,1.2690252181092,63.7199492479533,246.596660903644,16,3,38.0352278415681,276.689164399411
26.7778296978158,1.09692525239028,70.9769696207476,122.28762329405,4,4,46.524474679742,206.465230528185
26.0398417579405,1.23360466204756,54.8719220687116,174.467002671762,12,3,50.2356421505863,237.314859327052
18.7667247743751,0.95254147413734,79.4879806471492,254.608653994238,7,2,42.092940600871,258.641025884063
22.4688442686575,1.20391338847301,33.3642742535321,198.782073132306,11,5,52.659428590148,245.469323567772
15.1726940385451,1.2702944722691,28.6900651055518,184.10615222955,22,5,86.0777069294253,269.78818345077
10.1187624099973,1.23308302976089,20.1953294930378,132.718285154985,5,6,50.974358945186,224.394759960464
16.9758021170168,1.00376046434101,30.706695298729,152.922556562853,0,3,84.2938006203519,246.442437336883
32.5933158363314,0.985208706944836,57.3912577250393,248.501560171807,21,2,68.6939581398087,241.198950268483
11.7813631193976,1.10892591267353,55.7443523595535,135.802055127338,16,3,68.8284205139026,262.471911585643
15.8302008845326,1.05894284033002,46.9651115915839,165.651683991829,12,3,81.1453100649393,264.728873413171
14.736860382675,1.09164391302144,41.7417517601489,141.955916949916,12,7,84.1537375742834,253.26326123745
7.50746341003978,1.29756145583142,20.2488813217247,219.892654901064,2,6,93.0592973238826,291.86225485867
20.3799660081639,1.14179138311176,77.066971171957,191.944757967671,23,3,39.6717009448733,228.295415156322
29.9859447434415,1.27796345853091,64.6892920716451,212.944211532636,8,5,85.5853771469865,266.792563118437
32.1384049561144,1.0961768860554,51.3837566491344,172.778437076945,15,6,43.2589361955444,202.832053360291
26.7078773680924,1.07517862390891,37.0860039183335,149.614558727951,9,6,32.0282067760802,195.770882581883
16.4898747290151,1.20906222895554,76.2369560197834,169.371052249496,0,7,38.9171034733724,219.552004706603
13.9405116795909,1.19762662691933,77.6779621059651,66.6469057379014,13,5,39.3614980405112,211.392686938856
25.7513490714445,1.0771616270044,79.6533454579045,152.757121795902,12,1,38.9817671792464,216.513086447684
31.4137078048763,0.921200021004017,52.7076228803452,292.272989613619,5,2,95.4681855119289,280.508938762139
32.7364492285856,0.935128737662967,87.9489281223284,245.18025772259,1,7,49.1261038609031,213.330102153798
7.4375832611149,1.21919438307105,78.8870810515602,232.254472170749,20,3,95.9875479191994,316.305268149832
19.4801904371832,1.16223294918448,25.4983744448159,241.412654002167,1,5,74.6705351030166,264.349649869849
8.84795167192329,0.912934221378567,36.6319221370461,239.145200965705,7,6,91.0771574616894,302.815038774458
12.5873347772302,1.12282673187248,77.2299616888092,260.817579261292,18,2,55.6951266739233,282.036970905265
31.5188460425785,1.18792062195688,48.4080100364381,242.539212487958,23,4,46.5341333494683,224.530665163725
10.8883073964023,0.944163219582783,52.6418554446337,294.665232182892,14,2,43.1122766679267,285.175676411579
8.64060964210899,0.986658950512111,86.6075352657109,77.8398606384644,18,1,68.1954485448942,237.903480613442
21.3108498038247,1.22440808624658,87.5503714090491,149.019235302364,17,6,47.8581518535268,217.665355599169
14.4386224466426,0.955464753147707,73.5699406743075,173.015162709883,15,1,51.4076525465574,252.640339075025
16.4612274520405,1.25275968029324,60.2173513121798,114.523654571209,15,3,31.0884032973683,218.120457493386
28.7461778855553,1.26942242467612,84.1147517815155,59.2415553271691,22,2,71.124166568032,200.821593043179
30.1753843862078,0.905102225134457,54.6802686153252,293.595330758426,12,2,97.3790817633618,302.736308970328
25.4070915778031,1.0508637012172,31.6208663956205,231.606494755507,9,5,89.4893371933557,278.694207596716
17.5076602190397,0.96712467559104,42.8198368980172,86.99120759644,16,7,30.5558207959352,184.251667620707
24.2866942251826,1.11608911829794,40.7505274206808,86.9736393428997,10,1,74.3817877398754,228.699796081421
11.4224435462037,0.940664973971132,59.0808944071634,226.206024776672,3,6,55.1503794621149,248.458764986873
23.5181241735423,0.915707098355898,24.7233762135763,145.24838060063,10,6,37.9841730695193,188.63190918781
25.2557343753716,1.27329164470942,24.8284492347601,69.1028610414758,13,7,67.8572548472032,206.102523201664
23.030704538263,1.28863675314569,31.6749207619354,152.710085758158,9,7,59.149496827081,220.956431758735
15.3892851201145,1.04437120801904,86.3206783840105,85.7476385222861,9,1,66.1968948186224,239.656353120185
15.9320410478466,1.1576821615067,76.7761892334757,249.730030132653,18,4,92.0286013460587,308.354944656888
10.1444323049463,0.927178920837473,69.7318985086342,282.562040784511,12,6,40.4577135792048,272.351683091373
28.8608470375678,0.983164798566253,87.9171893174263,51.1798694692025,11,5,60.4273565863121,195.738074408419
19.7800073690033,0.915841538710294,89.889875253931,212.510145355678,2,7,34.1327165769768,216.786191711664
15.638685636443,1.08774372528954,89.1218364724329,219.633115263123,6,7,56.6721039861799,251.465198210799
28.2518359992208,0.960038689065053,30.5060604613223,113.405710447322,10,7,80.5658627864921,219.18945421074
12.1041442119332,1.29652276847368,87.0935163117185,260.795228217722,15,1,36.6583460257989,280.990376505008
30.345003470426,1.07082493910388,57.1321334464094,123.48969355346,17,4,76.7033278208924,233.263516255148
29.4958091245741,1.28214884118841,25.1860562172941,56.7150960381515,23,3,50.7480388060762,167.496313410973
30.3868509219022,1.18969881340803,41.8274632741008,73.3267907241993,22,1,71.8993934827946,202.416595003649
16.1056055259128,1.13235668494551,82.6619545996925,249.471243073124,2,1,40.6296392861452,253.549344969713
16.4968859467873,1.11610316296831,78.4337818107905,227.850656555221,22,6,60.5463974677065,252.590762566908
30.840042441803,1.18217647662563,20.1644128975824,245.851695960564,3,4,30.8877610367559,208.715020255894
18.9172757864888,0.902011553320448,64.8146892315437,205.980661005174,23,7,46.0316062755091,221.653252039139
22.116446597166,1.2130063115345,76.2227802561205,256.353865018423,14,7,48.4575757483584,255.360677706769
25.8592042610535,1.2707438293542,37.1591528628938,58.7556462722281,5,3,65.7969662442057,201.094258343902
33.8275181952647,0.903318262957056,24.4885562236125,151.368743073317,1,3,45.0559421678298,179.445848628388
21.3893893775731,1.22985133706656,38.4203823547643,112.417188820877,7,2,54.2276853627231,223.074193516821
24.0972972029518,1.20693434721115,27.1904252884024,170.224210410533,19,4,82.347196378967,253.952483266865
22.1267746769299,1.29885475813947,53.8603317383738,270.209781864934,1,2,58.9533617229695,269.518257352946
32.8133644114187,0.991061228823288,49.3219123855854,120.171204398816,8,4,33.9026793084523,183.126312835869
30.9129670945262,1.26781688247779,46.6902305619136,199.785627327148,3,4,57.3019698952042,226.32264648658
10.0951775259918,1.15679972220871,82.0735580508685,56.5565346619025,3,2,63.2138758361496,224.70881505668
10.3609708750134,0.942128073190366,49.4390260386175,88.7996665671564,1,1,87.7724501534022,249.486142362265
12.3051310286959,1.00726436548467,39.8693508312005,258.477717679089,16,3,51.2550499795978,273.459295902406
27.5533806518391,1.20553750581583,23.3726800807492,98.7233418124739,2,4,87.5253097523331,224.395893834036
10.9740312535106,1.22220406223022,35.3416187788067,257.447008776019,14,3,69.5975834304301,304.401537579882
34.4882153451195,0.941701199040767,36.7423209860886,134.518714757366,4,5,33.8067131806445,169.785356989392
26.2891610743721,1.08790351051714,22.0480940926061,217.779137382745,15,4,48.2009926537246,233.626759018289
10.2630843655808,0.98762475635647,69.1617642851046,63.0915797656847,11,4,71.2372485841586,244.322962199771
30.7489217708097,1.26908316261709,20.5344888340677,233.577266596289,6,6,63.5813530806917,234.605976120456
32.2823444913029,1.02812905280646,62.7644476195548,174.870444455114,19,6,43.9055431889138,202.062991628247
33.849892405798,1.24301752351231,48.566267621582,285.824984365094,19,6,46.7308863573798,226.673733243765
22.1179911225788,1.00393866706205,37.4262672369349,122.443104091891,22,6,84.6135435462062,229.21664746624
21.8863769105134,1.25122517708265,65.6721806902131,144.140106748221,0,4,73.211694341137,240.006805368394
10.2998361408261,0.975307046731692,42.4193961858973,78.4388404127311,15,4,40.0890159725329,219.066086318198
20.410371811268,1.20367753493993,27.2570487147084,291.212676817214,0,5,80.1292414119613,287.160773782171
21.4541574778942,0.912675720044883,57.4895426158854,158.127891803105,2,1,58.1054500054228,221.491062968693
9.95832327860521,1.15693566283319,31.5409169733923,71.1408002482832,2,2,62.3669757311465,223.237063479564
19.8167911559734,1.12674836510426,81.8407091647607,229.169103148245,8,5,79.5097404553794,290.919584984922
21.0535180242874,1.05056381818003,66.6519908433665,176.696844883721,5,3,58.0847382239864,244.647469496768
10.9642147949652,0.985019351775947,79.3419744340051,132.021935312187,8,6,31.0069780398346,219.148140572111
23.6950673700226,1.21686273581304,73.3862744604789,238.381035273537,5,2,35.2248309108259,235.669448849795
5.78946180963073,0.958177392049845,76.4909642233896,259.001456150838,9,1,71.3747722462557,305.446338685453
14.5637288375208,1.09565698015626,64.3066710558676,113.429088069225,10,3,61.2201064191977,246.48120944162
20.9899860323165,0.905138298749505,69.7299115504595,183.60625419758,15,4,94.8634421738618,281.533718824753
14.8032121246392,0.974644809924878,68.2064477382447,158.791308241039,18,7,36.6425349050735,205.516776512425
23.0657132183195,1.09409218277991,42.4663502795991,89.4260364238948,6,5,56.2793148552657,207.780091368266
15.8579818236879,1.23529043068012,57.2153946150542,200.12030091796,20,6,68.2199204818752,263.736461749599
9.04761909757025,0.956422787439784,81.1235770326888,284.362690008101,17,4,37.8174861810338,278.454742580634
32.4144051064207,1.1928867949647,23.8177771736858,76.9396446937756,19,4,93.3124264088476,215.464663572553
24.2167651187469,1.17642676639337,55.0280542860627,274.995358682219,4,7,74.3293899020475,262.43869230733
24.7632242688764,0.913797047913853,50.2934250169853,187.616247797617,1,3,93.3788150440723,249.169698508496
25.2599099392959,1.09554290544338,83.2997744143248,156.839171705317,14,4,74.1387057647589,251.162730840886
27.3367314261848,1.2885561640626,64.1128345998674,88.095207590692,16,2,30.9959793810768,190.155371798754
30.2653271956088,0.944980551740279,88.8125355453869,111.886500628366,2,6,52.1534450736958,179.109023895993
20.4997150312722,1.19728550968033,60.9640237665783,161.84219842591,2,4,37.8309516835438,216.863431754937
9.55606104362096,1.15541654853577,78.8445562316674,183.195859424237,14,3,74.0624191729208,293.206199310697
16.4199282286388,1.13767316518798,52.8169646405764,138.662783574643,19,5,34.2496613528264,212.788297231217
29.6305820432325,1.0994490050945,58.1655630785689,243.278703068095,19,1,77.1796445426487,263.219565520435
10.140931380284,1.12714106371512,32.5372884659106,270.420285612602,2,1,63.4207360610542,286.343926974194
14.899258442535,1.07060170053454,64.4123187739308,233.523023369032,17,5,51.3882061819284,265.813847903739
33.9941596072777,0.930495776941532,87.4071142757866,151.608051590021,21,5,66.143308758684,220.36430744983
29.1887778954265,1.01623466138317,57.3809626016212,201.044686400517,10,5,79.4919774900327,253.168790835125
11.6656378994663,1.12453401892912,53.5729976601879,210.276262915022,1,7,86.9527688312359,276.864380416885
34.9931936808427,1.15333338732869,75.5566258118155,81.8667090038438,5,5,52.1065838006125,180.857489150768
6.91216092393058,1.27231034361925,26.4899603205006,174.047999236483,17,4,51.7911526860825,259.349305283804
17.7644935425944,1.29110766308089,81.655968000294,127.617338876751,0,2,54.1483809773878,231.332638456312
17.1301445626906,0.937438618402382,20.2711474859441,194.643615971192,10,1,76.641342516615,272.312451759723
17.0087865165082,1.16469397776718,55.8070364539598,285.90223425971,12,6,90.2750140901534,309.571184382402
8.35767931717682,1.14110915979418,67.4924544024557,156.73490231909,22,2,83.3245477978801,281.911533984155
17.729323197129,1.08952714528837,59.6023352790763,58.2821102925223,5,2,91.3086303651508,236.137070016499
23.4063764799837,1.04250253699851,53.4921052721638,282.358469696491,2,2,90.9864848166241,290.974707906133
34.6418385726663,1.09023137665329,42.4358990903627,281.245562833229,15,4,42.0953282138717,235.058602622151
11.5970233651849,1.16840880731334,62.1105858920764,139.576729888578,2,4,89.5156787560386,268.131665492347
15.6224323373091,1.28385807879752,83.9206919660751,114.997279080618,23,6,97.1711863405522,247.26378241684
12.9872563756438,0.935633706202564,67.7762471701977,246.714911400888,5,7,83.9144892396781,287.687908126886
13.7449410189552,1.21909698393882,86.2713429780763,177.895560845084,14,6,91.2510745446367,295.599471823647
10.6516862453248,1.13631029845635,26.9362306046366,190.631788347476,19,7,34.7189433457828,228.639752202648
5.68578870876852,1.26487870170083,55.7720246910848,221.198441035882,19,2,75.275455116218,305.295533331936
18.4821254584545,0.940451727555048,27.7089838127967,73.099148836923,11,7,52.686761329985,198.710973099209
12.3092058018411,1.01731785718685,58.168331413139,268.144741759861,18,1,74.824283873921,292.865225335224
31.0617963421964,0.920635282153573,68.2150129280984,285.734470054926,21,2,91.5825721656892,274.33481540042
20.8583230232786,1.10165127223913,30.3191891836719,74.1485591504789,21,1,56.1546372866253,196.460402158754
32.4240550442575,1.20735030075947,74.4292726325614,261.470626305357,5,5,83.6716290315675,277.069455632166
34.2179053117672,1.01319415048564,47.9335863174746,277.348903714006,13,7,41.766066105621,224.527753623874
22.5627787598699,0.990144098317743,82.8809963725074,52.8352851399403,18,5,66.3807278515587,210.531759902083
8.56926148021038,1.03251585705024,41.4930711747899,180.920675936363,4,2,73.9218926540045,266.085498210279
32.7959776679403,1.0813005405633,24.2735802365003,212.586318414736,17,4,79.97395800596,246.731541138536
22.8068231744347,1.19495385527252,35.3629801114933,146.286337676483,11,4,51.4477273741142,223.538806997588
31.508459147743,1.10395426188126,25.7983055922684,212.325512364347,13,2,48.4580976598412,224.981029982128
17.7342779326296,1.05300567674136,86.5276734592334,240.713369938086,6,3,94.1202455127293,305.342793607598
23.2177215765212,1.26219328673889,21.145946259968,193.921495345795,2,6,73.0523984627754,243.768843254363
7.12290747431905,1.28610309958789,28.0267903227989,207.979787178058,7,4,36.5222542011937,260.811644508452
32.7431729354959,1.15130694102098,20.8686962178648,119.551000971775,22,1,73.9388041454856,206.846240445374
24.262382484251,0.952812468021963,35.1359130493362,259.959105699953,11,3,43.4419616023754,252.524358518676
8.13499003692725,1.14732071133146,20.7999270169857,156.708739059769,6,3,84.3875283045035,281.033499792156
26.0067522106837,1.05320804162588,64.9714485906063,207.905594587416,18,5,90.5150353791954,261.303491607591
16.87412986485,1.29647749902752,56.1893657672125,258.366745380192,18,1,53.3507128280222,266.826307239418
7.54714252331217,1.01473091390368,37.1879501071109,117.54636590364,0,5,39.4789799529978,214.823177970192
11.4343660265322,1.18247657183575,33.5623138037362,150.200184043069,21,7,83.582701083129,252.14760054383
12.4639669261519,1.11408235900218,26.3609404703615,188.563648103413,19,1,52.3029613463046,242.541344327652
11.7995941238422,0.97728441543684,45.7909165768816,160.966339208155,7,6,47.6665657727858,227.60882716266
26.0901317305437,1.17577404036967,20.5455037446232,72.5960305071528,16,7,44.0052228014634,174.172743101597
27.6245775565348,0.920182001267469,62.1890923451069,236.095327496768,7,5,34.830689665038,229.25633182722
21.4185990159096,0.973773646279742,53.5198320835743,58.1538623257257,22,6,68.6337514586108,190.667268187333
21.6045025980276,0.918263329390953,41.5682382180852,157.435635858255,6,3,58.2668136220411,222.870472324247
23.9171837510913,1.2540166008165,72.111111333934,59.3155698685053,4,4,82.5081060571449,223.503052515319
34.5637085154425,1.23591775431925,78.7544494298142,293.949438259027,17,1,64.1028451708302,263.70451076059
24.0283460894785,0.947262098061473,38.3702344160915,180.584977003272,11,3,56.9350285899256,238.379132260254
23.0136683759246,1.06416594147913,55.9966642925451,277.407494649454,15,3,34.298595715759,250.401740931832
32.2756087124023,0.94809143599626,51.274188931482,145.811980335004,23,3,44.9584043576022,181.834002335237
22.1250990164669,1.12883700890429,43.8847801897416,271.113059226196,7,6,68.0711355125324,268.968248781872
15.0625976374119,1.27975605385166,78.739926359792,113.754402332788,1,4,58.7451228582057,232.505933731028
33.714174749327,1.00255406391875,88.7744751054185,277.2624604857,18,6,93.0674244235261,269.233808566923
18.1976936684046,1.29594617406053,63.8525150751332,273.640111187814,8,6,33.9402675890438,249.45177265236
23.0462778054703,1.03992321641775,32.689261942373,149.629290247645,14,2,61.0456473203851,237.351794467963
26.6078708471157,0.983408949557372,28.6111911800217,206.255000459002,4,1,67.6468769024282,237.305704899778
25.3633502501439,1.16633086401792,60.5978096747977,191.89932154646,1,1,39.3842420242073,209.670868077061
11.3827703030961,1.28933788268835,42.9975062399528,273.627971361249,3,5,67.86630569485,302.388476199259
7.44870125136995,1.14907992861541,38.7730460867502,103.541450966973,19,3,90.0157734733133,267.774587299569
13.234382236568,0.925415157022948,58.5167372665955,50.9647897151802,7,7,43.8612154330959,193.010316069393
31.0255515939939,1.04940381329652,32.6361827321031,270.145365257928,9,3,40.8926370903446,238.2076756043
21.7807120219237,0.966500614174619,67.4944308590417,108.780408760128,15,2,34.2964437469707,197.013071508799
18.9388331308196,0.992511231242311,23.8981943179774,111.216155586769,19,4,76.2751792252572,237.13413602361
17.9090270234121,0.920883453317541,22.3840029136851,210.229258784935,18,7,31.3021849351932,213.388651908972
28.2195776006124,1.26070252668541,40.0562918337609,126.131120302117,8,5,50.3772055595237,212.484202703499
24.6176126384238,1.21731667996053,25.4173032923048,256.405202972203,4,3,98.1676678621247,294.608831782653
24.7318781499958,1.04920572993786,83.040060317887,270.922177736815,15,2,83.5248317988846,294.911008395151
9.83062713754213,1.23282188215062,79.2624162948448,286.343239496365,0,6,47.0578751146539,265.380700691533
17.9713048083102,1.20153382263591,47.698893080749,147.698834601155,6,7,77.7481242734657,246.063553988164
20.1525825306657,1.14874523890471,31.8450685720279,250.330016177916,15,3,39.6498157157616,256.329409606965
16.2599684278987,1.05763727233966,50.1316619332722,89.278321994367,14,1,74.0868166917884,247.933104127278
19.411166842576,1.04371118458008,49.1352695817967,206.291349194976,7,2,89.9910284861897,282.531556532951
15.2726420830132,0.935540984356913,71.0134438279128,224.746338189914,23,5,92.9858833289252,281.159681523571
28.3143932042022,1.03667080145586,48.4531575240354,71.4672332801087,2,2,54.3857881562305,188.063780660355
16.5183158716942,1.11946823762695,86.6265219936785,182.79489319711,17,3,64.0417135300874,263.56474035997
26.346692809737,1.08421898443551,83.8389514640383,272.141630535142,3,4,77.5662244634231,276.820078229492
19.4280022217585,1.15818094937424,86.5990021557532,115.916502047407,10,3,79.2885323842126,263.161892360099
26.8754066636472,1.10540833650701,44.2200841952205,108.696381326083,19,3,62.2618839722235,212.077574014678
33.1267771689022,1.22577058742531,40.3170946148489,259.914306931059,8,4,55.4990608036751,232.098231787746
20.5176320765277,0.938873282394799,82.0690533987703,173.885007431484,1,2,49.6185656963005,219.290311583867
32.0920624588,1.0854854242582,34.702155769492,88.0915916032264,13,1,35.3343103477193,175.220475821132
11.5457792639274,1.1359269958419,29.1613583432083,107.692038952374,6,5,61.123747973238,232.143788648322
31.1965802051871,0.974868828215935,56.4361121127663,214.488489271174,3,2,41.5994407585787,211.426338857327
7.4807879579256,1.14453205865518,83.3823924811563,190.737095310019,16,6,57.9124281434027,268.605394576664
18.9621024971208,0.920776792547338,48.1771164917911,122.957184412212,11,3,94.4409269637323,260.953146232078
5.65789468423936,1.13029077938149,35.1032876520759,205.576246178781,4,3,65.7934069866684,282.903322720429
29.2484165010665,1.23693788073151,25.5117638272644,228.976352073095,2,6,93.9899631276395,252.306401161819
10.3762850237369,1.09989038944854,85.3141903235595,120.18275852005,4,6,36.4353757189772,212.08136892615
9.96176740561852,1.07560995506369,62.2010092680608,153.068289637269,3,2,99.512602202768,283.44468181892
10.4481040148632,0.959622833298275,46.4244521250521,140.551428353532,7,1,36.7503536023341,223.8730973418
25.7430968993362,0.911311780358317,66.5452008840005,245.348005500632,22,2,51.92032453953,238.049959059299
11.4129055768387,1.20266791519374,75.4533185110914,83.8717878254953,12,5,84.9762577726682,262.905009593812
13.9431457931962,1.21844249437714,43.3444490913899,275.517378637417,5,6,72.1680180576009,283.152178094584
28.0500544117924,1.01742223776698,68.486120503366,122.409021469535,10,4,62.6135847414556,226.542809583849
20.0345028393806,0.946082698407212,34.2670974015873,174.88948152745,16,2,50.8691942332305,236.234266955761
32.2839441952184,1.05003665239519,87.1099517122924,245.897597044506,13,6,39.3220949162377,217.308573173279
6.73558709263815,1.23155749802271,69.8282719483615,219.265515674401,14,7,50.6506268200806,276.059420300803
18.1025578472869,1.2367106327819,31.6834614487063,87.4529325047249,20,2,41.6638958054608,198.987130897198
22.167642367135,1.16609538062312,50.9944021185546,224.154869904478,9,7,52.1972758818104,245.582797130709
21.9520147933154,1.2840559903545,64.3095497853643,82.2532607806862,17,2,37.6887776098482,201.589110151429
29.7144970167908,1.27724715688428,85.0977020114546,286.486571853929,3,6,88.2461572984872,276.656077602848
8.78296482447745,0.945079796952291,57.0531678578522,271.602962310716,1,7,98.0114927917199,305.286193795198
14.0035033260128,1.15931497969023,63.8532096763623,178.751153234355,8,4,45.2789890706235,252.162595495127
5.06366074499632,1.09232162067178,67.6573245909576,219.852186482909,19,4,79.4254339875323,304.614142956316
33.5332207367082,0.926608276779649,84.6238266210667,294.198339458408,9,7,32.7309584690935,222.874445317468
27.9889808999599,1.2591084902128,30.6983899576721,81.3650891600075,23,1,73.1406586679495,200.901604695666
27.5391248656445,1.0988920515748,48.400455560017,238.060762811601,14,4,76.8554919388085,269.002110366785
9.16594511422804,1.20852137154345,41.8733199189945,256.76297736404,8,5,32.6041072925767,272.447910148076
15.4795862792788,0.924144891769588,68.5729270858995,245.357581727561,22,6,30.2334193220602,227.786704627895
9.54021681492434,1.00498298596161,82.3481511378984,97.720666689556,21,2,39.9725047914428,219.515003936211
19.9016203477377,1.16042774748099,54.346967640062,157.160335150994,20,1,90.3683821223556,262.049334017701
29.2595675873657,0.95344156417991,76.4076456591803,53.6141867790729,6,1,49.3226191274581,178.041938443632
23.9860638032344,1.15541829472991,42.8507236517964,131.321372179924,6,6,67.2184075898857,227.339259439223
25.6520449307854,1.05397723798715,58.4915401588007,83.6755071565926,18,7,66.5554911461237,200.531415209886
24.1871065356577,1.20627925026988,47.21490344234,162.629365521005,16,3,69.7332400468632,247.118160868841
26.879651787307,1.16116627286245,82.7780305085067,193.068732544644,11,7,53.3122787546003,232.59677807318
30.7953712425611,1.05259562611301,67.3284056703732,248.005820495794,23,3,58.9391586599081,238.980925327763
23.8086613824372,1.02000743309618,77.9877863831556,154.934152494513,11,1,59.0043706793843,238.376310626931
10.4177411872816,1.03605582220271,27.706219341322,183.134136085239,23,3,98.8745249000147,281.328432866935
22.1991963899774,1.26757061468497,39.5459134189481,281.426098007004,11,4,34.0417508457716,260.427181608861
9.9069846915216,1.0825067253213,73.7345315988227,274.770459435545,12,5,57.7580020123084,306.462769678377
32.1815520672653,1.07699878103925,35.1239617246486,186.208349617185,18,4,85.3924407514354,245.721946889814
7.32028355399962,1.08167432784621,22.3843489720242,275.280987542592,9,3,71.5929823949477,304.921238471488
15.1560395042503,1.27811280367466,50.5586328419614,62.9566772260019,10,2,51.6694164778775,222.799137917827
22.418526421914,0.98764758102007,85.5804597286043,252.150629670027,3,2,93.1262034443239,293.058042539415
19.2570547247683,1.25296111837269,38.3462273966147,133.726144844422,18,1,36.5188892868247,220.530680592997
29.159614586766,0.907950169129884,59.8821849889602,107.170779312169,13,5,52.3318995374267,198.550150712017
20.9233442292442,1.03670595329492,45.168713143417,255.600451911434,15,4,92.0873130294514,298.70254749664
11.8193099492686,1.20641097827777,21.8787040273579,137.058644748357,19,1,76.0202171409709,255.899422700525
26.2845492558944,1.03712148060776,55.0293434580405,91.3676488420583,5,5,77.9161823211107,222.512962640993
9.4589765961455,1.14752256166176,77.8910435306006,57.0333920020643,20,2,63.1764037497831,231.9900095048
24.7434854367015,1.08120846483676,38.1287694364909,288.842441319389,21,6,39.8870910902848,229.751000556581
24.0194764367028,0.904065041051166,23.211950464609,220.0726779264,7,4,96.5647417101637,268.620231493152
11.8791875439731,1.13963246698819,37.2530122868572,265.140528681166,17,4,91.7838286445651,310.057681497408
10.4668404581811,1.14062733934339,66.2512501240334,284.773378838108,8,2,60.6206982263502,299.178098621369
9.99057523209351,1.15976698038455,43.0586783781875,220.048491112013,6,6,88.4469760639827,288.991958011407
9.48821274856224,1.03708825303289,66.1647373297057,279.355937111859,4,4,52.7600380417942,288.766921943104
11.0824219322779,1.09731970222995,20.910288698706,114.172917725289,15,4,55.7347509886545,236.312893725114
33.6487670544132,1.18070957810141,70.2647499674128,271.404533607255,12,3,85.6387626202805,285.474053334329
5.47725016428455,1.2551210405718,47.3783168494335,280.010697529545,19,6,36.9516101369524,274.438123587997
33.7254305051355,0.922023138462474,22.3453681763753,125.015860009171,6,1,96.6247090362525,229.090256781977
5.77076856110684,0.939344780218292,48.4210781750468,68.3477366734482,4,5,30.1031746037365,202.295767855947
34.1333198928713,1.1599131141891,70.1415345760825,241.849683740034,10,7,50.6777094419991,227.72993934937
13.9278703027542,1.20562835649453,84.4935490347297,71.2380539662535,11,4,33.3918186667704,218.26131271985
20.7521923765828,1.29518357663914,88.8811020278141,232.191019898168,18,5,60.9918268674977,277.422227761912
30.8701763443797,0.950129916566237,88.8394610976377,161.972410896927,3,3,85.2892457925569,241.110191913375
31.8921471039473,1.04579087008104,82.7414265090243,212.812165804233,1,5,93.9464430886669,261.047419673903
